UserID,Arquetipo
1,Negocios
2,Negocios
3,Negocios
4,Negocios
5,Negocios
6,Negocios
7,Negocios
8,Negocios
9,Negocios
10,Negocios
11,Negocios
12,Negocios
13,Negocios
14,Negocios
15,Negocios
16,Negocios
17,Negocios
18,Negocios
19,Negocios
20,Negocios
21,Negocios
22,Negocios
23,Negocios
24,Negocios
25,Negocios
26,Negocios
27,Negocios
28,Negocios
29,Negocios
30,Negocios
31,Negocios
32,Negocios
33,Negocios
34,Negocios
35,Negocios
36,Negocios
37,Negocios
38,Negocios
39,Negocios
40,Negocios
41,Negocios
42,Negocios
43,Negocios
44,Negocios
45,Negocios
46,Negocios
47,Negocios
48,Negocios
49,Negocios
50,Negocios
51,Negocios
52,Negocios
53,Negocios
54,Negocios
55,Negocios
56,Negocios
57,Negocios
58,Negocios
59,Negocios
60,Negocios
61,Negocios
62,Negocios
63,Negocios
64,Negocios
65,Negocios
66,Negocios
67,Negocios
68,Negocios
69,Negocios
70,Negocios
71,Negocios
72,Negocios
73,Negocios
74,Negocios
75,Negocios
76,Negocios
77,Negocios
78,Negocios
79,Negocios
80,Negocios
81,Negocios
82,Negocios
83,Negocios
84,Negocios
85,Negocios
86,Negocios
87,Negocios
88,Negocios
89,Negocios
90,Negocios
91,Negocios
92,Negocios
93,Negocios
94,Negocios
95,Negocios
96,Negocios
97,Negocios
98,Negocios
99,Negocios
100,Negocios
101,Negocios
102,Negocios
103,Negocios
104,Negocios
105,Negocios
106,Negocios
107,Negocios
108,Negocios
109,Negocios
110,Negocios
111,Negocios
112,Negocios
113,Negocios
114,Negocios
115,Negocios
116,Negocios
117,Negocios
118,Negocios
119,Negocios
120,Negocios
121,Negocios
122,Negocios
123,Negocios
124,Negocios
125,Negocios
126,Negocios
127,Negocios
128,Negocios
129,Negocios
130,Negocios
131,Negocios
132,Negocios
133,Negocios
134,Negocios
135,Negocios
136,Negocios
137,Negocios
138,Negocios
139,Negocios
140,Negocios
141,Negocios
142,Negocios
143,Negocios
144,Negocios
145,Negocios
146,Negocios
147,Negocios
148,Negocios
149,Negocios
150,Negocios
151,Negocios
152,Negocios
153,Negocios
154,Negocios
155,Negocios
156,Negocios
157,Negocios
158,Negocios
159,Negocios
160,Negocios
161,Negocios
162,Negocios
163,Negocios
164,Negocios
165,Negocios
166,Negocios
167,Negocios
168,Negocios
169,Negocios
170,Negocios
171,Negocios
172,Negocios
173,Negocios
174,Negocios
175,Negocios
176,Negocios
177,Negocios
178,Negocios
179,Negocios
180,Negocios
181,Familia
182,Familia
183,Familia
184,Familia
185,Familia
186,Familia
187,Familia
188,Familia
189,Familia
190,Familia
191,Familia
192,Familia
193,Familia
194,Familia
195,Familia
196,Familia
197,Familia
198,Familia
199,Familia
200,Familia
201,Familia
202,Familia
203,Familia
204,Familia
205,Familia
206,Familia
207,Familia
208,Familia
209,Familia
210,Familia
211,Familia
212,Familia
213,Familia
214,Familia
215,Familia
216,Familia
217,Familia
218,Familia
219,Familia
220,Familia
221,Familia
222,Familia
223,Familia
224,Familia
225,Familia
226,Familia
227,Familia
228,Familia
229,Familia
230,Familia
231,Familia
232,Familia
233,Familia
234,Familia
235,Familia
236,Familia
237,Familia
238,Familia
239,Familia
240,Familia
241,Familia
242,Familia
243,Familia
244,Familia
245,Familia
246,Familia
247,Familia
248,Familia
249,Familia
250,Familia
251,Familia
252,Familia
253,Familia
254,Familia
255,Familia
256,Familia
257,Familia
258,Familia
259,Familia
260,Familia
261,Familia
262,Familia
263,Familia
264,Familia
265,Familia
266,Familia
267,Familia
268,Familia
269,Familia
270,Familia
271,Familia
272,Familia
273,Familia
274,Familia
275,Familia
276,Familia
277,Familia
278,Familia
279,Familia
280,Familia
281,Familia
282,Familia
283,Familia
284,Familia
285,Familia
286,Familia
287,Familia
288,Familia
289,Familia
290,Familia
291,Familia
292,Familia
293,Familia
294,Familia
295,Familia
296,Familia
297,Familia
298,Familia
299,Familia
300,Familia
301,Familia
302,Familia
303,Familia
304,Familia
305,Familia
306,Familia
307,Familia
308,Familia
309,Familia
310,Familia
311,Familia
312,Familia
313,Familia
314,Familia
315,Familia
316,Familia
317,Familia
318,Familia
319,Familia
320,Familia
321,Familia
322,Familia
323,Familia
324,Familia
325,Familia
326,Familia
327,Familia
328,Familia
329,Familia
330,Familia
331,Familia
332,Familia
333,Familia
334,Familia
335,Familia
336,Familia
337,Familia
338,Familia
339,Familia
340,Familia
341,Familia
342,Familia
343,Familia
344,Familia
345,Familia
346,Familia
347,Familia
348,Familia
349,Familia
350,Familia
351,Familia
352,Familia
353,Familia
354,Familia
355,Familia
356,Familia
357,Familia
358,Familia
359,Familia
360,Familia
361,Mochilero
362,Mochilero
363,Mochilero
364,Mochilero
365,Mochilero
366,Mochilero
367,Mochilero
368,Mochilero
369,Mochilero
370,Mochilero
371,Mochilero
372,Mochilero
373,Mochilero
374,Mochilero
375,Mochilero
376,Mochilero
377,Mochilero
378,Mochilero
379,Mochilero
380,Mochilero
381,Mochilero
382,Mochilero
383,Mochilero
384,Mochilero
385,Mochilero
386,Mochilero
387,Mochilero
388,Mochilero
389,Mochilero
390,Mochilero
391,Mochilero
392,Mochilero
393,Mochilero
394,Mochilero
395,Mochilero
396,Mochilero
397,Mochilero
398,Mochilero
399,Mochilero
400,Mochilero
401,Mochilero
402,Mochilero
403,Mochilero
404,Mochilero
405,Mochilero
406,Mochilero
407,Mochilero
408,Mochilero
409,Mochilero
410,Mochilero
411,Mochilero
412,Mochilero
413,Mochilero
414,Mochilero
415,Mochilero
416,Mochilero
417,Mochilero
418,Mochilero
419,Mochilero
420,Mochilero
421,Mochilero
422,Mochilero
423,Mochilero
424,Mochilero
425,Mochilero
426,Mochilero
427,Mochilero
428,Mochilero
429,Mochilero
430,Mochilero
431,Mochilero
432,Mochilero
433,Mochilero
434,Mochilero
435,Mochilero
436,Mochilero
437,Mochilero
438,Mochilero
439,Mochilero
440,Mochilero
441,Mochilero
442,Mochilero
443,Mochilero
444,Mochilero
445,Mochilero
446,Mochilero
447,Mochilero
448,Mochilero
449,Mochilero
450,Mochilero
451,Mochilero
452,Mochilero
453,Mochilero
454,Mochilero
455,Mochilero
456,Mochilero
457,Mochilero
458,Mochilero
459,Mochilero
460,Mochilero
461,Mochilero
462,Mochilero
463,Mochilero
464,Mochilero
465,Mochilero
466,Mochilero
467,Mochilero
468,Mochilero
469,Mochilero
470,Mochilero
471,Mochilero
472,Mochilero
473,Mochilero
474,Mochilero
475,Mochilero
476,Mochilero
477,Mochilero
478,Mochilero
479,Mochilero
480,Mochilero
481,Mochilero
482,Mochilero
483,Mochilero
484,Mochilero
485,Mochilero
486,Mochilero
487,Mochilero
488,Mochilero
489,Mochilero
490,Mochilero
491,Mochilero
492,Mochilero
493,Mochilero
494,Mochilero
495,Mochilero
496,Mochilero
497,Mochilero
498,Mochilero
499,Mochilero
500,Mochilero
501,Mochilero
502,Mochilero
503,Mochilero
504,Mochilero
505,Mochilero
506,Mochilero
507,Mochilero
508,Mochilero
509,Mochilero
510,Mochilero
511,Mochilero
512,Mochilero
513,Mochilero
514,Mochilero
515,Mochilero
516,Mochilero
517,Mochilero
518,Mochilero
519,Mochilero
520,Mochilero
521,Mochilero
522,Mochilero
523,Mochilero
524,Mochilero
525,Mochilero
526,Mochilero
527,Mochilero
528,Mochilero
529,Mochilero
530,Mochilero
531,Mochilero
532,Mochilero
533,Mochilero
534,Mochilero
535,Mochilero
536,Mochilero
537,Mochilero
538,Mochilero
539,Mochilero
540,Mochilero
541,Pareja
542,Pareja
543,Pareja
544,Pareja
545,Pareja
546,Pareja
547,Pareja
548,Pareja
549,Pareja
550,Pareja
551,Pareja
552,Pareja
553,Pareja
554,Pareja
555,Pareja
556,Pareja
557,Pareja
558,Pareja
559,Pareja
560,Pareja
561,Pareja
562,Pareja
563,Pareja
564,Pareja
565,Pareja
566,Pareja
567,Pareja
568,Pareja
569,Pareja
570,Pareja
571,Pareja
572,Pareja
573,Pareja
574,Pareja
575,Pareja
576,Pareja
577,Pareja
578,Pareja
579,Pareja
580,Pareja
581,Pareja
582,Pareja
583,Pareja
584,Pareja
585,Pareja
586,Pareja
587,Pareja
588,Pareja
589,Pareja
590,Pareja
591,Pareja
592,Pareja
593,Pareja
594,Pareja
595,Pareja
596,Pareja
597,Pareja
598,Pareja
599,Pareja
600,Pareja
601,Pareja
602,Pareja
603,Pareja
604,Pareja
605,Pareja
606,Pareja
607,Pareja
608,Pareja
609,Pareja
610,Pareja
611,Pareja
612,Pareja
613,Pareja
614,Pareja
615,Pareja
616,Pareja
617,Pareja
618,Pareja
619,Pareja
620,Pareja
621,Pareja
622,Pareja
623,Pareja
624,Pareja
625,Pareja
626,Pareja
627,Pareja
628,Pareja
629,Pareja
630,Pareja
631,Pareja
632,Pareja
633,Pareja
634,Pareja
635,Pareja
636,Pareja
637,Pareja
638,Pareja
639,Pareja
640,Pareja
641,Pareja
642,Pareja
643,Pareja
644,Pareja
645,Pareja
646,Pareja
647,Pareja
648,Pareja
649,Pareja
650,Pareja
651,Pareja
652,Pareja
653,Pareja
654,Pareja
655,Pareja
656,Pareja
657,Pareja
658,Pareja
659,Pareja
660,Pareja
661,Pareja
662,Pareja
663,Pareja
664,Pareja
665,Pareja
666,Pareja
667,Pareja
668,Pareja
669,Pareja
670,Pareja
671,Pareja
672,Pareja
673,Pareja
674,Pareja
675,Pareja
676,Pareja
677,Pareja
678,Pareja
679,Pareja
680,Pareja
681,Pareja
682,Pareja
683,Pareja
684,Pareja
685,Pareja
686,Pareja
687,Pareja
688,Pareja
689,Pareja
690,Pareja
691,Pareja
692,Pareja
693,Pareja
694,Pareja
695,Pareja
696,Pareja
697,Pareja
698,Pareja
699,Pareja
700,Pareja
701,Pareja
702,Pareja
703,Pareja
704,Pareja
705,Pareja
706,Pareja
707,Pareja
708,Pareja
709,Pareja
710,Pareja
711,Pareja
712,Pareja
713,Pareja
714,Pareja
715,Pareja
716,Pareja
717,Pareja
718,Pareja
719,Pareja
720,Pareja
721,Aventurero
722,Aventurero
723,Aventurero
724,Aventurero
725,Aventurero
726,Aventurero
727,Aventurero
728,Aventurero
729,Aventurero
730,Aventurero
731,Aventurero
732,Aventurero
733,Aventurero
734,Aventurero
735,Aventurero
736,Aventurero
737,Aventurero
738,Aventurero
739,Aventurero
740,Aventurero
741,Aventurero
742,Aventurero
743,Aventurero
744,Aventurero
745,Aventurero
746,Aventurero
747,Aventurero
748,Aventurero
749,Aventurero
750,Aventurero
751,Aventurero
752,Aventurero
753,Aventurero
754,Aventurero
755,Aventurero
756,Aventurero
757,Aventurero
758,Aventurero
759,Aventurero
760,Aventurero
761,Aventurero
762,Aventurero
763,Aventurero
764,Aventurero
765,Aventurero
766,Aventurero
767,Aventurero
768,Aventurero
769,Aventurero
770,Aventurero
771,Aventurero
772,Aventurero
773,Aventurero
774,Aventurero
775,Aventurero
776,Aventurero
777,Aventurero
778,Aventurero
779,Aventurero
780,Aventurero
781,Aventurero
782,Aventurero
783,Aventurero
784,Aventurero
785,Aventurero
786,Aventurero
787,Aventurero
788,Aventurero
789,Aventurero
790,Aventurero
791,Aventurero
792,Aventurero
793,Aventurero
794,Aventurero
795,Aventurero
796,Aventurero
797,Aventurero
798,Aventurero
799,Aventurero
800,Aventurero
801,Aventurero
802,Aventurero
803,Aventurero
804,Aventurero
805,Aventurero
806,Aventurero
807,Aventurero
808,Aventurero
809,Aventurero
810,Aventurero
811,Aventurero
812,Aventurero
813,Aventurero
814,Aventurero
815,Aventurero
816,Aventurero
817,Aventurero
818,Aventurero
819,Aventurero
820,Aventurero
821,Aventurero
822,Aventurero
823,Aventurero
824,Aventurero
825,Aventurero
826,Aventurero
827,Aventurero
828,Aventurero
829,Aventurero
830,Aventurero
831,Aventurero
832,Aventurero
833,Aventurero
834,Aventurero
835,Aventurero
836,Aventurero
837,Aventurero
838,Aventurero
839,Aventurero
840,Aventurero
841,Aventurero
842,Aventurero
843,Aventurero
844,Aventurero
845,Aventurero
846,Aventurero
847,Aventurero
848,Aventurero
849,Aventurero
850,Aventurero
851,Aventurero
852,Aventurero
853,Aventurero
854,Aventurero
855,Aventurero
856,Aventurero
857,Aventurero
858,Aventurero
859,Aventurero
860,Aventurero
861,Aventurero
862,Aventurero
863,Aventurero
864,Aventurero
865,Aventurero
866,Aventurero
867,Aventurero
868,Aventurero
869,Aventurero
870,Aventurero
871,Aventurero
872,Aventurero
873,Aventurero
874,Aventurero
875,Aventurero
876,Aventurero
877,Aventurero
878,Aventurero
879,Aventurero
880,Aventurero
881,Aventurero
882,Aventurero
883,Aventurero
884,Aventurero
885,Aventurero
886,Aventurero
887,Aventurero
888,Aventurero
889,Aventurero
890,Aventurero
891,Aventurero
892,Aventurero
893,Aventurero
894,Aventurero
895,Aventurero
896,Aventurero
897,Aventurero
898,Aventurero
899,Aventurero
900,Aventurero
